{
    "Cameras": [
        {
            "Number": "40000000016067C545908685_r",
            "Translation": [
                0.0,
                0.0,
                0.0
            ],
            "Rotation": [
                [
                    1.0,
                    0.0,
                    0.0
                ],
                [
                    0.0,
                    1.0,
                    0.0
                ],
                [
                    0.0,
                    0.0,
                    1.0
                ]
            ],
            "Distortion": [
                -0.13640882463219964,
                -1.86546331375913,
                0.008427696161118312,
                -0.0005497180842423498,
                9.766356820450289
            ],
            "Intrinsic": [
                [
                    738.5797495137793,
                    0.0,
                    162.42233451704777
                ],
                [
                    0.0,
                    799.6039353170742,
                    90.20718575407547
                ],
                [
                    0.0,
                    0.0,
                    1.0
                ]
            ],
            "SensorSize": {
                "Width": 300,
                "Height": 300
            }
        },
        {
            "Number": "40000000016067C545908685_l",
            "Translation": [
                -120.83815758768841,
                2.7826900374385897,
                28.26077756320789
            ],
            "Rotation": [
                [
                    0.9998878161424598,
                    -0.0008566274868734783,
                    0.01495397335865257
                ],
                [
                    0.0011983064645104636,
                    0.9997380785518921,
                    -0.022854722815815753
                ],
                [
                    -0.0149304786085266,
                    0.022870078327793055,
                    0.9996269505799655
                ]
            ],
            "Distortion": [
                -0.322150836862641,
                1.7069920870729158,
                0.0019081511779716338,
                0.003977729461112068,
                -1.414916707385077
            ],
            "Intrinsic": [
                [
                    738.5797495137793,
                    0.0,
                    160.6124254986849
                ],
                [
                    0.0,
                    799.6039353170742,
                    91.76535890147065
                ],
                [
                    0.0,
                    0.0,
                    1.0
                ]
            ],
            "SensorSize": {
                "Width": 300,
                "Height": 300
            }
        }
    ]
}