{
    "Cameras": [
        {
            "Number": "40000000016067C545908685_r",
            "Translation": [
                0.0,
                0.0,
                0.0
            ],
            "Rotation": [
                [
                    1.0,
                    0.0,
                    0.0
                ],
                [
                    0.0,
                    1.0,
                    0.0
                ],
                [
                    0.0,
                    0.0,
                    1.0
                ]
            ],
            "Distortion": [
                -0.2122670226838066,
                -3.851534205580895,
                -0.0044221628316588844,
                0.0033582234155778313,
                52.97948174066601
            ],
            "Intrinsic": [
                [
                    709.9787444936751,
                    0.0,
                    171.4210540347657
                ],
                [
                    0.0,
                    782.3426802942348,
                    122.14410867191548
                ],
                [
                    0.0,
                    0.0,
                    1.0
                ]
            ],
            "SensorSize": {
                "Width": 300,
                "Height": 300
            }
        },
        {
            "Number": "40000000016067C545908685_l",
            "Translation": [
                -119.55452326756661,
                -1.7943629628521591,
                24.97133668308634
            ],
            "Rotation": [
                [
                    0.9999632113227795,
                    -0.0020070253828139936,
                    0.008339535367566597
                ],
                [
                    0.0021095439583779948,
                    0.999922095844215,
                    -0.01230252278194033
                ],
                [
                    -0.008314194207608136,
                    0.012319662804851044,
                    0.999889543941256
                ]
            ],
            "Distortion": [
                -0.30066810370847075,
                1.566123568650271,
                0.0026875243641206878,
                0.006832890197016718,
                -3.510851006813001
            ],
            "Intrinsic": [
                [
                    709.9787444936751,
                    0.0,
                    171.43224961822932
                ],
                [
                    0.0,
                    782.3426802942348,
                    120.67705279764186
                ],
                [
                    0.0,
                    0.0,
                    1.0
                ]
            ],
            "SensorSize": {
                "Width": 300,
                "Height": 300
            }
        }
    ]
}