{
    "Cameras": [
        {
            "Number": "1",
            "Translation": [
                0.0,
                0.0,
                0.0
            ],
            "Rotation": [
                [
                    1.0,
                    0.0,
                    0.0
                ],
                [
                    0.0,
                    1.0,
                    0.0
                ],
                [
                    0.0,
                    0.0,
                    1.0
                ]
            ],
            "Distortion": [
                0.4192029196753082,
                -3.6317647950724106,
                0.019474501178328225,
                -0.008105110404802704,
                6.126760670629458
            ],
            "Intrinsic": [
                [
                    303.3919337168875,
                    0.0,
                    128.79977720049172
                ],
                [
                    0.0,
                    340.36004202572747,
                    142.19998148572677
                ],
                [
                    0.0,
                    0.0,
                    1.0
                ]
            ],
            "SensorSize": {
                "Width": 300,
                "Height": 300
            }
        },
        {
            "Number": "2",
            "Translation": [
                101.30688075447733,
                -0.9603155505991835,
                2.5679539930140085
            ],
            "Rotation": [
                [
                    0.9955144815788711,
                    0.030272744919358715,
                    -0.08963524910323492
                ],
                [
                    -0.027066674219393638,
                    0.9989571290916628,
                    0.03677022414459964
                ],
                [
                    0.0906549067257407,
                    -0.03417916254079856,
                    0.9952956710116633
                ]
            ],
            "Distortion": [
                0.3626984282436442,
                -5.374597687055823,
                0.016775458242212514,
                -0.0142675281812108,
                14.955653928485331
            ],
            "Intrinsic": [
                [
                    303.3919337168875,
                    0.0,
                    202.79732219120726
                ],
                [
                    0.0,
                    340.36004202572747,
                    154.65063927258637
                ],
                [
                    0.0,
                    0.0,
                    1.0
                ]
            ],
            "SensorSize": {
                "Width": 300,
                "Height": 300
            }
        }
    ]
}